time_s,instrument,velocity,section,sample_rate
0.250000,0,1.000,A,48000
3.250000,1,1.000,A,48000
6.250000,2,1.000,A,48000
9.250000,3,1.000,A,48000
12.250000,4,1.000,A,48000
15.250000,5,1.000,A,48000
18.250000,6,1.000,A,48000
21.250000,7,1.000,A,48000
24.250000,8,1.000,A,48000
27.250000,9,1.000,A,48000
30.250000,10,1.000,A,48000
33.250000,11,1.000,A,48000
36.250000,12,1.000,A,48000
39.250000,13,1.000,A,48000
42.250000,14,1.000,A,48000
46.100000,0,0.200,B,48000
46.450000,0,0.450,B,48000
46.800000,0,0.700,B,48000
47.150000,0,1.000,B,48000
47.500000,1,0.200,B,48000
47.850000,1,0.450,B,48000
48.200000,1,0.700,B,48000
48.550000,1,1.000,B,48000
48.900000,2,0.200,B,48000
49.250000,2,0.450,B,48000
49.600000,2,0.700,B,48000
49.950000,2,1.000,B,48000
50.300000,3,0.200,B,48000
50.650000,3,0.450,B,48000
51.000000,3,0.700,B,48000
51.350000,3,1.000,B,48000
51.700000,4,0.200,B,48000
52.050000,4,0.450,B,48000
52.400000,4,0.700,B,48000
52.750000,4,1.000,B,48000
53.100000,5,0.200,B,48000
53.450000,5,0.450,B,48000
53.800000,5,0.700,B,48000
54.150000,5,1.000,B,48000
54.500000,6,0.200,B,48000
54.850000,6,0.450,B,48000
55.200000,6,0.700,B,48000
55.550000,6,1.000,B,48000
55.900000,7,0.200,B,48000
56.250000,7,0.450,B,48000
56.600000,7,0.700,B,48000
56.950000,7,1.000,B,48000
57.300000,8,0.200,B,48000
57.650000,8,0.450,B,48000
58.000000,8,0.700,B,48000
58.350000,8,1.000,B,48000
58.700000,9,0.200,B,48000
59.050000,9,0.450,B,48000
59.400000,9,0.700,B,48000
59.750000,9,1.000,B,48000
60.100000,10,0.200,B,48000
60.450000,10,0.450,B,48000
60.800000,10,0.700,B,48000
61.150000,10,1.000,B,48000
61.500000,11,0.200,B,48000
61.850000,11,0.450,B,48000
62.200000,11,0.700,B,48000
62.550000,11,1.000,B,48000
62.900000,12,0.200,B,48000
63.250000,12,0.450,B,48000
63.600000,12,0.700,B,48000
63.950000,12,1.000,B,48000
64.300000,13,0.200,B,48000
64.650000,13,0.450,B,48000
65.000000,13,0.700,B,48000
65.350000,13,1.000,B,48000
65.700000,14,0.200,B,48000
66.050000,14,0.450,B,48000
66.400000,14,0.700,B,48000
66.750000,14,1.000,B,48000
67.000000,9,0.900,C,48000
67.000000,0,1.000,C,48000
67.000000,11,0.800,C,48000
67.312500,11,0.500,C,48000
67.625000,11,0.800,C,48000
67.625000,1,0.950,C,48000
67.937500,11,0.500,C,48000
68.250000,0,0.900,C,48000
68.250000,11,0.800,C,48000
68.562500,11,0.500,C,48000
68.875000,11,0.800,C,48000
68.875000,1,0.950,C,48000
69.187500,11,0.500,C,48000
69.500000,11,0.800,C,48000
69.500000,0,1.000,C,48000
69.812500,11,0.500,C,48000
70.125000,11,0.800,C,48000
70.125000,1,0.950,C,48000
70.437500,11,0.500,C,48000
70.750000,11,0.800,C,48000
70.750000,0,0.900,C,48000
71.062500,11,0.500,C,48000
71.375000,11,0.800,C,48000
71.375000,1,0.950,C,48000
71.687500,11,0.500,C,48000
71.687500,0,0.700,C,48000
72.000000,11,0.800,C,48000
72.000000,0,1.000,C,48000
72.312500,11,0.500,C,48000
72.625000,11,0.800,C,48000
72.625000,1,0.950,C,48000
72.937500,11,0.500,C,48000
73.250000,11,0.800,C,48000
73.250000,0,0.900,C,48000
73.562500,11,0.500,C,48000
73.875000,11,0.800,C,48000
73.875000,1,0.950,C,48000
74.187500,11,0.500,C,48000
74.500000,11,0.800,C,48000
74.500000,0,1.000,C,48000
74.812500,11,0.500,C,48000
75.125000,1,0.950,C,48000
75.125000,11,0.800,C,48000
75.437500,11,0.500,C,48000
75.750000,0,0.900,C,48000
75.750000,11,0.800,C,48000
76.062500,11,0.500,C,48000
76.375000,11,0.800,C,48000
76.375000,1,0.950,C,48000
76.687500,12,0.500,C,48000
76.687500,0,0.700,C,48000
76.843750,13,0.800,C,48000
77.000000,11,0.800,C,48000
77.000000,0,1.000,C,48000
77.000000,10,0.800,C,48000
77.312500,11,0.500,C,48000
77.625000,11,0.800,C,48000
77.625000,1,0.950,C,48000
77.937500,11,0.500,C,48000
78.250000,11,0.800,C,48000
78.250000,0,0.900,C,48000
78.562500,11,0.500,C,48000
78.875000,1,0.950,C,48000
78.875000,11,0.800,C,48000
79.187500,11,0.500,C,48000
79.500000,11,0.800,C,48000
79.500000,0,1.000,C,48000
79.812500,11,0.500,C,48000
80.125000,11,0.800,C,48000
80.125000,1,0.950,C,48000
80.437500,11,0.500,C,48000
80.750000,11,0.800,C,48000
80.750000,0,0.900,C,48000
81.062500,11,0.500,C,48000
81.062500,14,0.900,C,48000
81.375000,1,0.950,C,48000
81.375000,11,0.800,C,48000
81.687500,0,0.700,C,48000
81.687500,11,0.500,C,48000
82.000000,11,0.800,C,48000
82.000000,0,1.000,C,48000
82.312500,11,0.500,C,48000
82.625000,11,0.800,C,48000
82.625000,1,0.950,C,48000
82.937500,11,0.500,C,48000
83.250000,11,0.800,C,48000
83.250000,0,0.900,C,48000
83.562500,11,0.500,C,48000
83.875000,11,0.800,C,48000
83.875000,1,0.950,C,48000
84.187500,11,0.500,C,48000
84.500000,11,0.800,C,48000
84.500000,0,1.000,C,48000
84.812500,11,0.500,C,48000
85.125000,1,0.950,C,48000
85.125000,11,0.800,C,48000
85.437500,11,0.500,C,48000
85.750000,11,0.800,C,48000
85.750000,8,0.750,C,48000
85.750000,0,0.900,C,48000
85.906250,7,0.780,C,48000
86.062500,11,0.500,C,48000
86.062500,6,0.810,C,48000
86.218750,5,0.840,C,48000
86.375000,11,0.800,C,48000
86.375000,1,0.950,C,48000
86.375000,4,0.870,C,48000
86.531250,3,0.900,C,48000
86.687500,11,0.500,C,48000
86.687500,0,0.700,C,48000
86.687500,2,0.930,C,48000
86.843750,0,0.960,C,48000
87.050000,1,0.800,D,48000
87.128125,1,0.800,D,48000
87.206250,1,0.800,D,48000
87.284375,1,0.800,D,48000
87.362500,1,0.800,D,48000
87.440625,1,0.800,D,48000
87.518750,1,0.800,D,48000
87.596875,1,0.800,D,48000
87.675000,1,0.800,D,48000
87.753125,1,0.800,D,48000
87.831250,1,0.800,D,48000
87.909375,1,0.800,D,48000
87.987500,1,0.800,D,48000
88.065625,1,0.800,D,48000
88.143750,1,0.800,D,48000
88.221875,1,0.800,D,48000
88.300000,1,0.800,D,48000
88.378125,1,0.800,D,48000
88.456250,1,0.800,D,48000
88.534375,1,0.800,D,48000
88.612500,1,0.800,D,48000
88.690625,1,0.800,D,48000
88.768750,1,0.800,D,48000
88.846875,1,0.800,D,48000
88.925000,1,0.800,D,48000
